<?xml version="1.0" encoding="utf-8"?>
<window>
    <coordinates>
        <system>1</system>
        <posx>0</posx>
        <posy>0</posy>
    </coordinates>
    <controls>
    
        <control type="button" id="5001">
            <description>width marker for more precision</description>
            <posx>180</posx>
            <posy>60</posy>
            <width>1080</width>
            <height>450</height>
            <visible>false</visible>
        </control>

        <!-- Background -->
        
        <control type="image" id="4600">
            <posx>0</posx>
            <posy>0</posy>
            <width>1280</width>
            <height>720</height>
            <texture>backgrounds/bg2.jpg</texture>
            <visible>true</visible>

        </control>

        <control type="image">
            <posx>0</posx>
            <posy>0</posy>
            <width>1280</width>
            <height>720</height>
            <texture>guide-backgrounds/guide-bg-0.png</texture>
            <visible>true</visible>

        </control>
        
        
        <control type="group">
            <description>TV Guide group</description>
            <posx>0</posx>
            <posy>0</posy>
            <width>1280</width>
            <height>720</height>
            <visible>true</visible>

            <!-- Date and time row -->
            <control type="group">
                <posx>0</posx>
                <posy>10</posy>
                <width>1280</width>
                <height>50</height>
                <visible>true</visible>

                <control type="label" id="4000">
                    <description>Displays todays date</description>
                    <posx>0</posx>
                    <posy>0</posy>
                    <width>180</width>
                    <height>50</height>
                    <textcolor>ffffffff</textcolor>
                    <font>font11</font>
                    <align>center</align>
                    <aligny>center</aligny>
                </control>
                <control type="label" id="4001">
                    <description>1st half hour column</description>
                    <posx>180</posx>
                    <posy>0</posy>
                    <width>270</width>
                    <height>50</height>
                    <textcolor>ffffffff</textcolor>
                    <font>font13</font>
                    <aligny>center</aligny>
                </control>
                <control type="label" id="4002">
                    <description>2nd half hour column</description>
                    <posx>455</posx>
                    <posy>0</posy>
                    <width>270</width>
                    <height>50</height>
                    <textcolor>ffffffff</textcolor>
                    <font>font13</font>
                    <aligny>center</aligny>
                </control>
                <control type="label" id="4003">
                    <description>3rd half hour column</description>
                    <posx>730</posx>
                    <posy>0</posy>
                    <width>270</width>
                    <height>50</height>
                    <textcolor>ffffffff</textcolor>
                    <font>font13</font>
                    <aligny>center</aligny>
                </control>
                <control type="label" id="4004">
                    <description>4th half hour column</description>
                    <posx>1005</posx>
                    <posy>0</posy>
                    <width>270</width>
                    <height>50</height>
                    <textcolor>ffffffff</textcolor>
                    <font>font13</font>
                    <aligny>center</aligny>
                </control>
            </control>

            <control type="label" id="4020">
                <description>Program title</description>
                <posx>30</posx>
                <posy>510</posy>
                <width>630</width>
                <height>50</height>
                <textcolor>ffffffff</textcolor>
                <font>font13</font>
                <aligny>center</aligny>
            </control>
            
            <control type="label" id="4021">
                <description>Program time</description>
                <posx>900</posx>
                <posy>510</posy>
                <width>340</width>
                <height>50</height>
                <textcolor>ffffffff</textcolor>
                <font>font13</font>
                <align>right</align>
                <aligny>center</aligny>
            </control>
            <control type="textbox" id="4022">
                <description>Program description</description>
                <posx>30</posx>
                <posy>550</posy>
                <width>850</width>
                <height>149</height>
                <textcolor>ffffffff</textcolor>
                <font>font13</font>
                <wrapmultiline>true</wrapmultiline>
                <autoscroll time="3600" delay="6000" repeat="6000">true</autoscroll>
            </control>
            
            
            <control type="label" id="4030">
                <description>Channel title ( option )</description>
                <posx>990</posx>
                <posy>510</posy>
                <width>340</width>
                <height>50</height>
                <textcolor>ffffffff</textcolor>
                <font>font13</font>
                <aligny>center</aligny>
            </control>
            
            
            <control type="image" id="4031">
                <posx>1070</posx>
                <posy>580</posy>
                <width>80</width>
                <height>80</height>
                <visible>true</visible>
                <aspectratio>keep</aspectratio>
            </control>
			            

            <control type="image" id="4100">
                <posx>180</posx>
                <posy>0</posy>
                <width>2</width>
                <height>515</height>
                <texture>timebars/timebar-red.png</texture>
            </control>


        </control>

    </controls>
</window>
