<?xml version="1.0" encoding="utf-8"?>
<window type="dialog">
	<allowoverlay>yes</allowoverlay>
	<defaultcontrol always="false">3998</defaultcontrol>
	<coordinates>
		<system>1</system>
		<posx>1000</posx>
		<posy>0</posy>
	</coordinates>
    <animation effect="slide" start="0,720" end="0,0" time="300">WindowOpen</animation>
    <animation effect="slide" start="0,0" end="0,720" time="300">WindowClose</animation>
    <controls>

        <control type="image">
            <posx>0</posx>
            <posy>0</posy>
            <width>280</width>
            <height>720</height>
            <texture>popups/glasspane.png</texture>
        </control>
        <control type="image">
            <posx>0</posx>
            <posy>0</posy>
            <width>280</width>
            <height>720</height>
            <texture>popups/glasspane.png</texture>
        </control>
        
        <control type="label" id="4102">
            <posx>20</posx>
            <posy>50</posy>
            <width>240</width>
            <height>50</height>
            <align>center</align>
            <aligny>center</aligny>
            <font>font13</font>
            <textcolor>ffffffff</textcolor>
            <wrapmultiline>true</wrapmultiline>
        </control>
        
        <control type="button" id="3998">
            <posx>20</posx>
            <posy>120</posy>
            <width>240</width>
            <height>50</height>
            <texturefocus>popups/grey-focus.png</texturefocus>
            <texturenofocus>popups/grey.png</texturenofocus>
            <onup>4002</onup>
            <ondown>3999</ondown>
            <align>center</align>
            <aligny>center</aligny>
            <font>font13</font>
            <textcolor>ffffffff</textcolor>
        </control>

        <control type="button" id="3999">
            <posx>20</posx>
            <posy>180</posy>
            <width>240</width>
            <height>50</height>
            <texturefocus>popups/grey-focus.png</texturefocus>
            <texturenofocus>popups/grey.png</texturenofocus>
            <onup>3998</onup>
            <ondown>4001</ondown>
            <align>center</align>
            <aligny>center</aligny>
            <font>font13</font>
            <textcolor>ffffffff</textcolor>
        </control>
        
        <control type="button" id="4001">
            <posx>20</posx>
            <posy>590</posy>
            <width>240</width>
            <height>50</height>
            <texturefocus>popups/grey-focus.png</texturefocus>
            <texturenofocus>popups/grey.png</texturenofocus>
            <onup>3999</onup>
            <ondown>4002</ondown>
            <align>center</align>
            <aligny>center</aligny>
            <font>font13</font>
            <textcolor>ffffffff</textcolor>
        </control>
        
         <control type="button" id="4002">
            <posx>20</posx>
            <posy>650</posy>
            <width>240</width>
            <height>50</height>
            <texturefocus>popups/grey-focus.png</texturefocus>
            <texturenofocus>popups/grey.png</texturenofocus>
            <onup>4001</onup>
            <ondown>3998</ondown>
            <align>center</align>
            <aligny>center</aligny>
            <font>font13</font>
            <textcolor>ffffffff</textcolor>        </control>
        
    </controls>
</window>
